fifa_version,nationality_name,squad_strength,release_date
15,Albania,67.65217391304348,2014-08-29
15,Algeria,72.56521739130434,2014-08-29
15,Angola,64.28571428571429,2014-08-29
15,Antigua and Barbuda,59.5,2014-08-29
15,Argentina,81.82608695652173,2014-08-29
15,Armenia,73.0,2014-08-29
15,Australia,70.26086956521739,2014-08-29
15,Austria,73.91304347826087,2014-08-29
15,Azerbaijan,61.0,2014-08-29
15,Bahrain,68.0,2014-08-29
15,Barbados,65.0,2014-08-29
15,Belarus,65.9375,2014-08-29
15,Belgium,79.78260869565217,2014-08-29
15,Benin,64.14285714285714,2014-08-29
15,Bermuda,61.5,2014-08-29
15,Bolivia,62.95652173913044,2014-08-29
15,Bosnia and Herzegovina,73.65217391304348,2014-08-29
15,Brazil,82.3913043478261,2014-08-29
15,Bulgaria,68.91304347826087,2014-08-29
15,Burkina Faso,66.05,2014-08-29
15,Burundi,58.5,2014-08-29
15,Cambodia,63.0,2014-08-29
15,Cameroon,75.08695652173913,2014-08-29
15,Canada,65.43478260869566,2014-08-29
15,Cape Verde Islands,65.04347826086956,2014-08-29
15,Central African Republic,61.142857142857146,2014-08-29
15,Chile,76.17391304347827,2014-08-29
15,China PR,62.0,2014-08-29
15,Colombia,77.69565217391305,2014-08-29
15,Comoros,66.0,2014-08-29
15,Congo,65.53846153846153,2014-08-29
15,Congo DR,69.78260869565217,2014-08-29
15,Costa Rica,68.8695652173913,2014-08-29
15,Croatia,76.04347826086956,2014-08-29
15,Cuba,76.0,2014-08-29
15,Curacao,62.833333333333336,2014-08-29
15,Cyprus,61.333333333333336,2014-08-29
15,Czech Republic,74.17391304347827,2014-08-29
15,Côte d'Ivoire,76.3913043478261,2014-08-29
15,Denmark,74.73913043478261,2014-08-29
15,Ecuador,70.91304347826087,2014-08-29
15,Egypt,68.8695652173913,2014-08-29
15,England,80.56521739130434,2014-08-29
15,Equatorial Guinea,65.25,2014-08-29
15,Estonia,63.875,2014-08-29
15,Faroe Islands,53.75,2014-08-29
15,Fiji,61.0,2014-08-29
15,Finland,68.82608695652173,2014-08-29
15,France,82.0,2014-08-29
15,Gabon,67.75,2014-08-29
15,Gambia,61.666666666666664,2014-08-29
15,Georgia,64.5625,2014-08-29
15,Germany,83.95652173913044,2014-08-29
15,Ghana,72.69565217391305,2014-08-29
15,Greece,74.04347826086956,2014-08-29
15,Grenada,60.5,2014-08-29
15,Guam,68.0,2014-08-29
15,Guatemala,66.0,2014-08-29
15,Guinea,65.69565217391305,2014-08-29
15,Guinea Bissau,66.22222222222223,2014-08-29
15,Guyana,67.0,2014-08-29
15,Haiti,67.33333333333333,2014-08-29
15,Honduras,67.61111111111111,2014-08-29
15,Hungary,70.1304347826087,2014-08-29
15,Iceland,68.43478260869566,2014-08-29
15,India,56.82608695652174,2014-08-29
15,Indonesia,58.0,2014-08-29
15,Iran,66.6,2014-08-29
15,Iraq,65.2,2014-08-29
15,Israel,66.47368421052632,2014-08-29
15,Italy,81.26086956521739,2014-08-29
15,Jamaica,66.69565217391305,2014-08-29
15,Japan,72.47826086956522,2014-08-29
15,Jordan,60.09090909090909,2014-08-29
15,Kazakhstan,63.666666666666664,2014-08-29
15,Kenya,65.16666666666667,2014-08-29
15,Korea DPR,66.0,2014-08-29
15,Korea Republic,71.56521739130434,2014-08-29
15,Kosovo,64.57142857142857,2014-08-29
15,Kuwait,66.0,2014-08-29
15,Kyrgyzstan,62.0,2014-08-29
15,Latvia,61.72727272727273,2014-08-29
15,Lebanon,62.0,2014-08-29
15,Liberia,67.0,2014-08-29
15,Libya,59.0,2014-08-29
15,Liechtenstein,56.5,2014-08-29
15,Lithuania,62.733333333333334,2014-08-29
15,Luxembourg,60.2,2014-08-29
15,Madagascar,63.666666666666664,2014-08-29
15,Mali,71.04347826086956,2014-08-29
15,Malta,57.5,2014-08-29
15,Mauritania,62.0,2014-08-29
15,Mexico,75.3913043478261,2014-08-29
15,Moldova,64.85714285714286,2014-08-29
15,Montenegro,65.35,2014-08-29
15,Montserrat,60.0,2014-08-29
15,Morocco,74.65217391304348,2014-08-29
15,Mozambique,70.8,2014-08-29
15,Netherlands,79.69565217391305,2014-08-29
15,New Caledonia,64.33333333333333,2014-08-29
15,New Zealand,63.43478260869565,2014-08-29
15,Niger,62.0,2014-08-29
15,Nigeria,74.0,2014-08-29
15,North Macedonia,63.73913043478261,2014-08-29
15,Northern Ireland,68.95652173913044,2014-08-29
15,Norway,72.34782608695652,2014-08-29
15,Oman,74.0,2014-08-29
15,Palestine,58.5,2014-08-29
15,Panama,65.33333333333333,2014-08-29
15,Paraguay,74.6086956521739,2014-08-29
15,Peru,70.04347826086956,2014-08-29
15,Philippines,62.75,2014-08-29
15,Poland,75.43478260869566,2014-08-29
15,Portugal,80.0,2014-08-29
15,Republic of Ireland,74.26086956521739,2014-08-29
15,Romania,72.52173913043478,2014-08-29
15,Russia,77.1304347826087,2014-08-29
15,Saint Kitts and Nevis,61.0,2014-08-29
15,Saint Lucia,60.0,2014-08-29
15,Saudi Arabia,70.56521739130434,2014-08-29
15,Scotland,73.26086956521739,2014-08-29
15,Senegal,75.26086956521739,2014-08-29
15,Serbia,77.04347826086956,2014-08-29
15,Sierra Leone,62.7,2014-08-29
15,Slovakia,70.43478260869566,2014-08-29
15,Slovenia,71.6086956521739,2014-08-29
15,South Africa,72.17391304347827,2014-08-29
15,Spain,84.08695652173913,2014-08-29
15,Suriname,60.5,2014-08-29
15,Sweden,75.34782608695652,2014-08-29
15,Switzerland,76.3913043478261,2014-08-29
15,Syria,67.0,2014-08-29
15,Thailand,65.0,2014-08-29
15,Togo,71.125,2014-08-29
15,Trinidad and Tobago,63.5,2014-08-29
15,Tunisia,66.8695652173913,2014-08-29
15,Turkey,78.3913043478261,2014-08-29
15,Turkmenistan,67.0,2014-08-29
15,Uganda,60.8,2014-08-29
15,Ukraine,70.78260869565217,2014-08-29
15,United States,74.78260869565217,2014-08-29
15,Uruguay,76.69565217391305,2014-08-29
15,Uzbekistan,67.0,2014-08-29
15,Venezuela,72.8695652173913,2014-08-29
15,Wales,72.21739130434783,2014-08-29
15,Zambia,68.25,2014-08-29
15,Zimbabwe,61.36363636363637,2014-08-29
16,Albania,69.30434782608695,2015-08-28
16,Algeria,74.08695652173913,2015-08-28
16,Angola,64.27272727272727,2015-08-28
16,Antigua and Barbuda,58.285714285714285,2015-08-28
16,Argentina,82.6086956521739,2015-08-28
16,Armenia,67.8,2015-08-28
16,Aruba,65.0,2015-08-28
16,Australia,71.82608695652173,2015-08-28
16,Austria,75.21739130434783,2015-08-28
16,Azerbaijan,63.6,2015-08-28
16,Bahrain,72.0,2015-08-28
16,Barbados,65.5,2015-08-28
16,Belarus,67.35714285714286,2015-08-28
16,Belgium,80.78260869565217,2015-08-28
16,Benin,67.0,2015-08-28
16,Bermuda,58.333333333333336,2015-08-28
16,Bolivia,65.91304347826087,2015-08-28
16,Bosnia and Herzegovina,73.82608695652173,2015-08-28
16,Brazil,83.26086956521739,2015-08-28
16,Bulgaria,69.56521739130434,2015-08-28
16,Burkina Faso,66.88888888888889,2015-08-28
16,Cameroon,75.69565217391305,2015-08-28
16,Canada,66.56521739130434,2015-08-28
16,Cape Verde Islands,67.73684210526316,2015-08-28
16,Central African Republic,64.25,2015-08-28
16,Chile,77.47826086956522,2015-08-28
16,China PR,68.43478260869566,2015-08-28
16,Colombia,78.69565217391305,2015-08-28
16,Comoros,66.5,2015-08-28
16,Congo,66.3125,2015-08-28
16,Congo DR,71.82608695652173,2015-08-28
16,Costa Rica,70.21739130434783,2015-08-28
16,Croatia,77.30434782608695,2015-08-28
16,Cuba,77.0,2015-08-28
16,Curacao,65.27272727272727,2015-08-28
16,Cyprus,69.0,2015-08-28
16,Czech Republic,74.91304347826087,2015-08-28
16,Côte d'Ivoire,77.17391304347827,2015-08-28
16,Denmark,76.30434782608695,2015-08-28
16,Dominican Republic,58.5,2015-08-28
16,Ecuador,72.26086956521739,2015-08-28
16,Egypt,70.04347826086956,2015-08-28
16,El Salvador,70.0,2015-08-28
16,England,81.26086956521739,2015-08-28
16,Equatorial Guinea,64.5,2015-08-28
16,Estonia,64.375,2015-08-28
16,Ethiopia,69.0,2015-08-28
16,Faroe Islands,56.5,2015-08-28
16,Fiji,66.0,2015-08-28
16,Finland,70.1304347826087,2015-08-28
16,France,82.95652173913044,2015-08-28
16,Gabon,69.26666666666667,2015-08-28
16,Gambia,65.0,2015-08-28
16,Georgia,66.14285714285714,2015-08-28
16,Germany,84.08695652173913,2015-08-28
16,Ghana,74.47826086956522,2015-08-28
16,Gibraltar,63.0,2015-08-28
16,Greece,76.1304347826087,2015-08-28
16,Grenada,59.5,2015-08-28
16,Guam,69.0,2015-08-28
16,Guatemala,66.25,2015-08-28
16,Guinea,69.3913043478261,2015-08-28
16,Guinea Bissau,65.4,2015-08-28
16,Guyana,65.5,2015-08-28
16,Haiti,64.2,2015-08-28
16,Honduras,67.92857142857143,2015-08-28
16,Hungary,71.43478260869566,2015-08-28
16,Iceland,69.6086956521739,2015-08-28
16,India,57.30434782608695,2015-08-28
16,Indonesia,56.0,2015-08-28
16,Iran,67.0,2015-08-28
16,Iraq,64.36363636363636,2015-08-28
16,Israel,68.47368421052632,2015-08-28
16,Italy,81.95652173913044,2015-08-28
16,Jamaica,68.73913043478261,2015-08-28
16,Japan,73.1304347826087,2015-08-28
16,Jordan,59.5,2015-08-28
16,Kazakhstan,67.0,2015-08-28
16,Kenya,72.5,2015-08-28
16,Korea DPR,56.0,2015-08-28
16,Korea Republic,73.47826086956522,2015-08-28
16,Kosovo,63.095238095238095,2015-08-28
16,Kuwait,69.0,2015-08-28
16,Kyrgyzstan,70.0,2015-08-28
16,Latvia,64.1,2015-08-28
16,Lebanon,63.0,2015-08-28
16,Liberia,66.0,2015-08-28
16,Libya,61.2,2015-08-28
16,Liechtenstein,59.166666666666664,2015-08-28
16,Lithuania,66.1,2015-08-28
16,Luxembourg,63.57142857142857,2015-08-28
16,Madagascar,64.0,2015-08-28
16,Mali,71.34782608695652,2015-08-28
16,Malta,64.0,2015-08-28
16,Mauritania,66.0,2015-08-28
16,Mauritius,67.0,2015-08-28
16,Mexico,76.52173913043478,2015-08-28
16,Moldova,70.4,2015-08-28
16,Montenegro,65.5,2015-08-28
16,Montserrat,64.0,2015-08-28
16,Morocco,75.56521739130434,2015-08-28
16,Mozambique,69.33333333333333,2015-08-28
16,Netherlands,80.56521739130434,2015-08-28
16,New Caledonia,67.0,2015-08-28
16,New Zealand,65.21739130434783,2015-08-28
16,Nicaragua,61.0,2015-08-28
16,Niger,64.0,2015-08-28
16,Nigeria,74.43478260869566,2015-08-28
16,North Macedonia,65.88888888888889,2015-08-28
16,Northern Ireland,69.78260869565217,2015-08-28
16,Norway,73.34782608695652,2015-08-28
16,Oman,67.5,2015-08-28
16,Palestine,65.33333333333333,2015-08-28
16,Panama,66.9,2015-08-28
16,Paraguay,74.04347826086956,2015-08-28
16,Peru,70.6086956521739,2015-08-28
16,Philippines,63.8,2015-08-28
16,Poland,76.47826086956522,2015-08-28
16,Portugal,80.95652173913044,2015-08-28
16,Puerto Rico,65.0,2015-08-28
16,Republic of Ireland,74.91304347826087,2015-08-28
16,Romania,73.56521739130434,2015-08-28
16,Russia,78.08695652173913,2015-08-28
16,Rwanda,61.0,2015-08-28
16,Saint Kitts and Nevis,65.5,2015-08-28
16,Saint Lucia,63.0,2015-08-28
16,Saudi Arabia,72.43478260869566,2015-08-28
16,Scotland,74.34782608695652,2015-08-28
16,Senegal,76.26086956521739,2015-08-28
16,Serbia,78.21739130434783,2015-08-28
16,Sierra Leone,64.66666666666667,2015-08-28
16,Slovakia,71.78260869565217,2015-08-28
16,Slovenia,73.6086956521739,2015-08-28
16,South Africa,73.56521739130434,2015-08-28
16,Spain,84.3913043478261,2015-08-28
16,Suriname,65.92307692307692,2015-08-28
16,Sweden,76.17391304347827,2015-08-28
16,Switzerland,78.04347826086956,2015-08-28
16,Syria,68.0,2015-08-28
16,São Tomé e Príncipe,58.0,2015-08-28
16,Tanzania,56.0,2015-08-28
16,Togo,67.35714285714286,2015-08-28
16,Trinidad and Tobago,65.41666666666667,2015-08-28
16,Tunisia,69.30434782608695,2015-08-28
16,Turkey,78.26086956521739,2015-08-28
16,Uganda,62.4,2015-08-28
16,Ukraine,73.30434782608695,2015-08-28
16,United States,75.43478260869566,2015-08-28
16,Uruguay,77.95652173913044,2015-08-28
16,Uzbekistan,72.0,2015-08-28
16,Venezuela,72.30434782608695,2015-08-28
16,Wales,73.26086956521739,2015-08-28
16,Zambia,67.0,2015-08-28
16,Zimbabwe,62.857142857142854,2015-08-28
17,Afghanistan,53.0,2016-08-25
17,Albania,70.47826086956522,2016-08-25
17,Algeria,75.73913043478261,2016-08-25
17,Angola,70.1,2016-08-25
17,Antigua and Barbuda,58.5,2016-08-25
17,Argentina,83.91304347826087,2016-08-25
17,Armenia,69.22222222222223,2016-08-25
17,Aruba,67.5,2016-08-25
17,Australia,72.6086956521739,2016-08-25
17,Austria,76.21739130434783,2016-08-25
17,Azerbaijan,63.857142857142854,2016-08-25
17,Barbados,67.0,2016-08-25
17,Belarus,68.57142857142857,2016-08-25
17,Belgium,82.17391304347827,2016-08-25
17,Belize,64.0,2016-08-25
17,Benin,66.73333333333333,2016-08-25
17,Bermuda,60.2,2016-08-25
17,Bolivia,65.21739130434783,2016-08-25
17,Bosnia and Herzegovina,74.30434782608695,2016-08-25
17,Brazil,84.3913043478261,2016-08-25
17,Bulgaria,70.21739130434783,2016-08-25
17,Burkina Faso,69.07692307692308,2016-08-25
17,Cameroon,76.47826086956522,2016-08-25
17,Canada,68.0,2016-08-25
17,Cape Verde Islands,68.68181818181819,2016-08-25
17,Central African Republic,66.0,2016-08-25
17,Chad,73.0,2016-08-25
17,Chile,78.34782608695652,2016-08-25
17,China PR,68.95652173913044,2016-08-25
17,Chinese Taipei,68.0,2016-08-25
17,Colombia,78.73913043478261,2016-08-25
17,Comoros,65.85714285714286,2016-08-25
17,Congo,65.04347826086956,2016-08-25
17,Congo DR,72.17391304347827,2016-08-25
17,Costa Rica,71.65217391304348,2016-08-25
17,Croatia,79.17391304347827,2016-08-25
17,Cuba,70.0,2016-08-25
17,Curacao,68.07142857142857,2016-08-25
17,Cyprus,64.6,2016-08-25
17,Czech Republic,75.8695652173913,2016-08-25
17,Côte d'Ivoire,77.95652173913044,2016-08-25
17,Denmark,77.0,2016-08-25
17,Dominican Republic,71.5,2016-08-25
17,Ecuador,73.30434782608695,2016-08-25
17,Egypt,70.26086956521739,2016-08-25
17,El Salvador,68.33333333333333,2016-08-25
17,England,82.17391304347827,2016-08-25
17,Equatorial Guinea,64.71428571428571,2016-08-25
17,Eritrea,71.0,2016-08-25
17,Estonia,66.4,2016-08-25
17,Ethiopia,66.0,2016-08-25
17,Faroe Islands,59.2,2016-08-25
17,Fiji,67.0,2016-08-25
17,Finland,70.95652173913044,2016-08-25
17,France,84.47826086956522,2016-08-25
17,Gabon,71.5,2016-08-25
17,Gambia,64.0,2016-08-25
17,Georgia,68.0,2016-08-25
17,Germany,85.30434782608695,2016-08-25
17,Ghana,75.17391304347827,2016-08-25
17,Gibraltar,62.5,2016-08-25
17,Greece,77.04347826086956,2016-08-25
17,Grenada,62.0,2016-08-25
17,Guam,70.0,2016-08-25
17,Guatemala,68.66666666666667,2016-08-25
17,Guinea,69.56521739130434,2016-08-25
17,Guinea Bissau,65.66666666666667,2016-08-25
17,Guyana,62.666666666666664,2016-08-25
17,Haiti,65.875,2016-08-25
17,Honduras,65.8,2016-08-25
17,Hungary,72.65217391304348,2016-08-25
17,Iceland,71.52173913043478,2016-08-25
17,India,58.30434782608695,2016-08-25
17,Iran,67.0909090909091,2016-08-25
17,Iraq,66.3,2016-08-25
17,Israel,70.35714285714286,2016-08-25
17,Italy,83.34782608695652,2016-08-25
17,Jamaica,69.6086956521739,2016-08-25
17,Japan,75.17391304347827,2016-08-25
17,Kazakhstan,66.33333333333333,2016-08-25
17,Kenya,67.83333333333333,2016-08-25
17,Korea DPR,63.5,2016-08-25
17,Korea Republic,73.65217391304348,2016-08-25
17,Kosovo,66.04545454545455,2016-08-25
17,Kuwait,69.0,2016-08-25
17,Kyrgyzstan,69.0,2016-08-25
17,Latvia,65.4,2016-08-25
17,Lebanon,64.0,2016-08-25
17,Liberia,62.5,2016-08-25
17,Libya,65.33333333333333,2016-08-25
17,Liechtenstein,61.42857142857143,2016-08-25
17,Lithuania,65.83333333333333,2016-08-25
17,Luxembourg,65.14285714285714,2016-08-25
17,Madagascar,64.5,2016-08-25
17,Mali,72.04347826086956,2016-08-25
17,Malta,64.33333333333333,2016-08-25
17,Mauritania,67.33333333333333,2016-08-25
17,Mauritius,69.0,2016-08-25
17,Mexico,78.17391304347827,2016-08-25
17,Moldova,72.0,2016-08-25
17,Montenegro,69.78260869565217,2016-08-25
17,Montserrat,64.25,2016-08-25
17,Morocco,76.17391304347827,2016-08-25
17,Mozambique,67.0,2016-08-25
17,Namibia,58.0,2016-08-25
17,Netherlands,80.52173913043478,2016-08-25
17,New Caledonia,68.66666666666667,2016-08-25
17,New Zealand,64.47826086956522,2016-08-25
17,Niger,67.0,2016-08-25
17,Nigeria,75.34782608695652,2016-08-25
17,North Macedonia,65.875,2016-08-25
17,Northern Ireland,70.43478260869566,2016-08-25
17,Norway,74.08695652173913,2016-08-25
17,Oman,68.0,2016-08-25
17,Palestine,61.5,2016-08-25
17,Panama,66.2,2016-08-25
17,Papua New Guinea,60.0,2016-08-25
17,Paraguay,75.34782608695652,2016-08-25
17,Peru,71.73913043478261,2016-08-25
17,Philippines,62.0,2016-08-25
17,Poland,77.52173913043478,2016-08-25
17,Portugal,82.82608695652173,2016-08-25
17,Puerto Rico,66.5,2016-08-25
17,Qatar,65.5,2016-08-25
17,Republic of Ireland,75.95652173913044,2016-08-25
17,Romania,73.95652173913044,2016-08-25
17,Russia,78.56521739130434,2016-08-25
17,Saint Kitts and Nevis,67.5,2016-08-25
17,Saint Lucia,61.0,2016-08-25
17,Saint Vincent and the Grenadines,64.0,2016-08-25
17,Saudi Arabia,71.3913043478261,2016-08-25
17,Scotland,74.73913043478261,2016-08-25
17,Senegal,77.1304347826087,2016-08-25
17,Serbia,78.47826086956522,2016-08-25
17,Sierra Leone,64.375,2016-08-25
17,Slovakia,72.43478260869566,2016-08-25
17,Slovenia,74.82608695652173,2016-08-25
17,Somalia,64.0,2016-08-25
17,South Africa,73.26086956521739,2016-08-25
17,Spain,85.1304347826087,2016-08-25
17,Sudan,53.0,2016-08-25
17,Suriname,66.46666666666667,2016-08-25
17,Sweden,76.6086956521739,2016-08-25
17,Switzerland,78.47826086956522,2016-08-25
17,Syria,71.33333333333333,2016-08-25
17,Tajikistan,62.5,2016-08-25
17,Tanzania,66.0,2016-08-25
17,Timor-Leste,61.0,2016-08-25
17,Togo,70.44444444444444,2016-08-25
17,Trinidad and Tobago,65.58333333333333,2016-08-25
17,Tunisia,70.82608695652173,2016-08-25
17,Turkey,79.17391304347827,2016-08-25
17,Uganda,61.875,2016-08-25
17,Ukraine,75.6086956521739,2016-08-25
17,United States,75.82608695652173,2016-08-25
17,Uruguay,79.1304347826087,2016-08-25
17,Uzbekistan,74.0,2016-08-25
17,Venezuela,72.82608695652173,2016-08-25
17,Vietnam,55.0,2016-08-25
17,Wales,74.43478260869566,2016-08-25
17,Zambia,69.25,2016-08-25
17,Zimbabwe,65.8,2016-08-25
18,Afghanistan,60.0,2017-08-28
18,Albania,70.91304347826087,2017-08-28
18,Algeria,75.95652173913044,2017-08-28
18,Angola,67.91666666666667,2017-08-28
18,Antigua and Barbuda,58.4,2017-08-28
18,Argentina,83.73913043478261,2017-08-28
18,Armenia,67.0,2017-08-28
18,Australia,72.65217391304348,2017-08-28
18,Austria,76.56521739130434,2017-08-28
18,Azerbaijan,64.875,2017-08-28
18,Barbados,65.0,2017-08-28
18,Belarus,70.1,2017-08-28
18,Belgium,83.0,2017-08-28
18,Belize,63.0,2017-08-28
18,Benin,68.33333333333333,2017-08-28
18,Bermuda,63.25,2017-08-28
18,Bolivia,66.1304347826087,2017-08-28
18,Bosnia and Herzegovina,75.78260869565217,2017-08-28
18,Botswana,50.0,2017-08-28
18,Brazil,84.30434782608695,2017-08-28
18,Brunei Darussalam,55.0,2017-08-28
18,Bulgaria,69.91304347826087,2017-08-28
18,Burkina Faso,68.23076923076923,2017-08-28
18,Burundi,64.0,2017-08-28
18,Cameroon,75.6086956521739,2017-08-28
18,Canada,68.26086956521739,2017-08-28
18,Cape Verde Islands,68.78260869565217,2017-08-28
18,Central African Republic,67.0,2017-08-28
18,Chad,68.0,2017-08-28
18,Chile,78.52173913043478,2017-08-28
18,China PR,67.47826086956522,2017-08-28
18,Colombia,78.65217391304348,2017-08-28
18,Comoros,68.33333333333333,2017-08-28
18,Congo,65.33333333333333,2017-08-28
18,Congo DR,73.21739130434783,2017-08-28
18,Costa Rica,71.73913043478261,2017-08-28
18,Croatia,79.91304347826087,2017-08-28
18,Cuba,73.5,2017-08-28
18,Curacao,68.0,2017-08-28
18,Cyprus,63.0,2017-08-28
18,Czech Republic,75.78260869565217,2017-08-28
18,Côte d'Ivoire,77.52173913043478,2017-08-28
18,Denmark,77.6086956521739,2017-08-28
18,Dominican Republic,74.5,2017-08-28
18,Ecuador,73.1304347826087,2017-08-28
18,Egypt,71.1304347826087,2017-08-28
18,El Salvador,69.0,2017-08-28
18,England,81.8695652173913,2017-08-28
18,Equatorial Guinea,67.16666666666667,2017-08-28
18,Eritrea,71.0,2017-08-28
18,Estonia,66.22222222222223,2017-08-28
18,Ethiopia,65.5,2017-08-28
18,Faroe Islands,60.833333333333336,2017-08-28
18,Fiji,69.0,2017-08-28
18,Finland,70.95652173913044,2017-08-28
18,France,84.43478260869566,2017-08-28
18,Gabon,71.41666666666667,2017-08-28
18,Gambia,64.52631578947368,2017-08-28
18,Georgia,69.17391304347827,2017-08-28
18,Germany,84.82608695652173,2017-08-28
18,Ghana,75.34782608695652,2017-08-28
18,Gibraltar,63.0,2017-08-28
18,Greece,76.56521739130434,2017-08-28
18,Grenada,64.0,2017-08-28
18,Guam,68.0,2017-08-28
18,Guatemala,72.0,2017-08-28
18,Guinea,69.91304347826087,2017-08-28
18,Guinea Bissau,65.53333333333333,2017-08-28
18,Guyana,61.75,2017-08-28
18,Haiti,64.54545454545455,2017-08-28
18,Honduras,69.61538461538461,2017-08-28
18,Hong Kong,54.0,2017-08-28
18,Hungary,71.78260869565217,2017-08-28
18,Iceland,70.82608695652173,2017-08-28
18,India,58.73913043478261,2017-08-28
18,Iran,68.64285714285714,2017-08-28
18,Iraq,67.625,2017-08-28
18,Israel,70.53846153846153,2017-08-28
18,Italy,83.56521739130434,2017-08-28
18,Jamaica,69.21739130434783,2017-08-28
18,Japan,75.17391304347827,2017-08-28
18,Kazakhstan,66.0,2017-08-28
18,Kenya,66.83333333333333,2017-08-28
18,Korea DPR,64.0,2017-08-28
18,Korea Republic,73.78260869565217,2017-08-28
18,Kosovo,68.8695652173913,2017-08-28
18,Kuwait,65.5,2017-08-28
18,Kyrgyzstan,58.0,2017-08-28
18,Latvia,67.28571428571429,2017-08-28
18,Lebanon,62.4,2017-08-28
18,Liberia,64.66666666666667,2017-08-28
18,Libya,67.0,2017-08-28
18,Liechtenstein,64.25,2017-08-28
18,Lithuania,64.63636363636364,2017-08-28
18,Luxembourg,65.75,2017-08-28
18,Madagascar,66.75,2017-08-28
18,Mali,71.47826086956522,2017-08-28
18,Malta,62.0,2017-08-28
18,Mauritania,66.5,2017-08-28
18,Mauritius,67.0,2017-08-28
18,Mexico,78.21739130434783,2017-08-28
18,Moldova,69.66666666666667,2017-08-28
18,Montenegro,69.72727272727273,2017-08-28
18,Montserrat,66.33333333333333,2017-08-28
18,Morocco,76.6086956521739,2017-08-28
18,Mozambique,73.0,2017-08-28
18,Namibia,64.5,2017-08-28
18,Netherlands,80.65217391304348,2017-08-28
18,New Caledonia,68.5,2017-08-28
18,New Zealand,66.21739130434783,2017-08-28
18,Niger,68.66666666666667,2017-08-28
18,Nigeria,74.78260869565217,2017-08-28
18,North Macedonia,66.44444444444444,2017-08-28
18,Northern Ireland,70.6086956521739,2017-08-28
18,Norway,74.34782608695652,2017-08-28
18,Oman,73.0,2017-08-28
18,Palestine,64.66666666666667,2017-08-28
18,Panama,65.5,2017-08-28
18,Paraguay,75.17391304347827,2017-08-28
18,Peru,70.6086956521739,2017-08-28
18,Philippines,61.666666666666664,2017-08-28
18,Poland,77.6086956521739,2017-08-28
18,Portugal,82.47826086956522,2017-08-28
18,Puerto Rico,66.0,2017-08-28
18,Qatar,65.5,2017-08-28
18,Republic of Ireland,75.04347826086956,2017-08-28
18,Romania,73.34782608695652,2017-08-28
18,Russia,78.52173913043478,2017-08-28
18,Saint Kitts and Nevis,64.33333333333333,2017-08-28
18,Saint Lucia,62.0,2017-08-28
18,San Marino,54.0,2017-08-28
18,Saudi Arabia,72.43478260869566,2017-08-28
18,Scotland,74.56521739130434,2017-08-28
18,Senegal,77.52173913043478,2017-08-28
18,Serbia,78.34782608695652,2017-08-28
18,Sierra Leone,65.22222222222223,2017-08-28
18,Slovakia,72.69565217391305,2017-08-28
18,Slovenia,75.0,2017-08-28
18,Somalia,68.0,2017-08-28
18,South Africa,72.65217391304348,2017-08-28
18,Spain,85.6086956521739,2017-08-28
18,Sri Lanka,60.0,2017-08-28
18,Sudan,59.0,2017-08-28
18,Suriname,69.33333333333333,2017-08-28
18,Swaziland,63.0,2017-08-28
18,Sweden,76.43478260869566,2017-08-28
18,Switzerland,78.1304347826087,2017-08-28
18,Syria,71.4,2017-08-28
18,São Tomé e Príncipe,64.0,2017-08-28
18,Tanzania,67.5,2017-08-28
18,Thailand,65.0,2017-08-28
18,Togo,71.3,2017-08-28
18,Trinidad and Tobago,68.22222222222223,2017-08-28
18,Tunisia,70.26086956521739,2017-08-28
18,Turkey,78.26086956521739,2017-08-28
18,Turkmenistan,63.0,2017-08-28
18,Uganda,63.0,2017-08-28
18,Ukraine,74.56521739130434,2017-08-28
18,United States,75.56521739130434,2017-08-28
18,Uruguay,79.1304347826087,2017-08-28
18,Uzbekistan,68.0,2017-08-28
18,Venezuela,73.6086956521739,2017-08-28
18,Vietnam,61.0,2017-08-28
18,Wales,74.21739130434783,2017-08-28
18,Zambia,63.6,2017-08-28
18,Zimbabwe,67.6,2017-08-28
19,Afghanistan,60.0,2018-07-19
19,Albania,70.26086956521739,2018-07-19
19,Algeria,76.1304347826087,2018-07-19
19,Andorra,62.0,2018-07-19
19,Angola,68.33333333333333,2018-07-19
19,Antigua and Barbuda,61.25,2018-07-19
19,Argentina,83.3913043478261,2018-07-19
19,Armenia,68.875,2018-07-19
19,Australia,72.95652173913044,2018-07-19
19,Austria,77.21739130434783,2018-07-19
19,Azerbaijan,63.833333333333336,2018-07-19
19,Bahrain,54.0,2018-07-19
19,Barbados,64.0,2018-07-19
19,Belarus,70.0,2018-07-19
19,Belgium,83.21739130434783,2018-07-19
19,Belize,62.0,2018-07-19
19,Benin,67.46153846153847,2018-07-19
19,Bermuda,67.0,2018-07-19
19,Bolivia,66.1304347826087,2018-07-19
19,Bosnia and Herzegovina,75.6086956521739,2018-07-19
19,Brazil,85.69565217391305,2018-07-19
19,Bulgaria,68.34782608695652,2018-07-19
19,Burkina Faso,68.86666666666666,2018-07-19
19,Burundi,57.5,2018-07-19
19,Cameroon,75.6086956521739,2018-07-19
19,Canada,69.0,2018-07-19
19,Cape Verde Islands,69.95454545454545,2018-07-19
19,Central African Republic,66.66666666666667,2018-07-19
19,Chad,68.0,2018-07-19
19,Chile,77.56521739130434,2018-07-19
19,China PR,70.91304347826087,2018-07-19
19,Colombia,79.3913043478261,2018-07-19
19,Comoros,66.85714285714286,2018-07-19
19,Congo,64.56521739130434,2018-07-19
19,Congo DR,73.47826086956522,2018-07-19
19,Costa Rica,70.21739130434783,2018-07-19
19,Croatia,80.3913043478261,2018-07-19
19,Cuba,66.66666666666667,2018-07-19
19,Curacao,67.28571428571429,2018-07-19
19,Cyprus,64.125,2018-07-19
19,Czech Republic,76.08695652173913,2018-07-19
19,Côte d'Ivoire,77.04347826086956,2018-07-19
19,Denmark,77.73913043478261,2018-07-19
19,Dominican Republic,77.5,2018-07-19
19,Ecuador,73.1304347826087,2018-07-19
19,Egypt,72.43478260869566,2018-07-19
19,El Salvador,66.25,2018-07-19
19,England,81.8695652173913,2018-07-19
19,Equatorial Guinea,67.83333333333333,2018-07-19
19,Eritrea,71.0,2018-07-19
19,Estonia,64.33333333333333,2018-07-19
19,Ethiopia,63.0,2018-07-19
19,Faroe Islands,60.333333333333336,2018-07-19
19,Fiji,72.0,2018-07-19
19,Finland,70.56521739130434,2018-07-19
19,France,84.91304347826087,2018-07-19
19,Gabon,69.8125,2018-07-19
19,Gambia,65.8,2018-07-19
19,Georgia,68.65217391304348,2018-07-19
19,Germany,84.91304347826087,2018-07-19
19,Ghana,75.52173913043478,2018-07-19
19,Greece,75.91304347826087,2018-07-19
19,Grenada,63.0,2018-07-19
19,Guam,69.0,2018-07-19
19,Guatemala,63.5,2018-07-19
19,Guinea,69.52173913043478,2018-07-19
19,Guinea Bissau,66.89473684210526,2018-07-19
19,Guyana,61.666666666666664,2018-07-19
19,Haiti,63.72727272727273,2018-07-19
19,Honduras,68.06666666666666,2018-07-19
19,Hong Kong,60.5,2018-07-19
19,Hungary,71.17391304347827,2018-07-19
19,Iceland,71.82608695652173,2018-07-19
19,India,59.56521739130435,2018-07-19
19,Indonesia,56.0,2018-07-19
19,Iran,68.47058823529412,2018-07-19
19,Iraq,65.625,2018-07-19
19,Israel,70.92857142857143,2018-07-19
19,Italy,83.82608695652173,2018-07-19
19,Jamaica,68.78260869565217,2018-07-19
19,Japan,75.47826086956522,2018-07-19
19,Kazakhstan,65.0,2018-07-19
19,Kenya,64.44444444444444,2018-07-19
19,Korea DPR,65.25,2018-07-19
19,Korea Republic,73.73913043478261,2018-07-19
19,Kosovo,69.30434782608695,2018-07-19
19,Latvia,61.6,2018-07-19
19,Lebanon,69.0,2018-07-19
19,Liberia,64.5,2018-07-19
19,Libya,67.6,2018-07-19
19,Liechtenstein,61.25,2018-07-19
19,Lithuania,61.81818181818182,2018-07-19
19,Luxembourg,63.77777777777778,2018-07-19
19,Madagascar,65.2,2018-07-19
19,Mali,71.78260869565217,2018-07-19
19,Malta,57.666666666666664,2018-07-19
19,Mauritania,64.0,2018-07-19
19,Mauritius,71.0,2018-07-19
19,Mexico,77.82608695652173,2018-07-19
19,Moldova,65.6,2018-07-19
19,Montenegro,68.65,2018-07-19
19,Montserrat,65.0,2018-07-19
19,Morocco,77.04347826086956,2018-07-19
19,Mozambique,70.0,2018-07-19
19,Namibia,65.33333333333333,2018-07-19
19,Netherlands,80.56521739130434,2018-07-19
19,New Caledonia,71.0,2018-07-19
19,New Zealand,67.0,2018-07-19
19,Nicaragua,65.0,2018-07-19
19,Niger,58.5,2018-07-19
19,Nigeria,74.78260869565217,2018-07-19
19,North Macedonia,67.8,2018-07-19
19,Northern Ireland,70.6086956521739,2018-07-19
19,Norway,74.56521739130434,2018-07-19
19,Oman,72.0,2018-07-19
19,Palestine,65.0,2018-07-19
19,Panama,68.25,2018-07-19
19,Paraguay,75.21739130434783,2018-07-19
19,Peru,72.21739130434783,2018-07-19
19,Philippines,64.0,2018-07-19
19,Poland,76.91304347826087,2018-07-19
19,Portugal,82.47826086956522,2018-07-19
19,Puerto Rico,63.0,2018-07-19
19,Qatar,69.0,2018-07-19
19,Republic of Ireland,74.30434782608695,2018-07-19
19,Romania,73.34782608695652,2018-07-19
19,Russia,77.73913043478261,2018-07-19
19,Rwanda,64.0,2018-07-19
19,Saint Kitts and Nevis,60.333333333333336,2018-07-19
19,Saint Lucia,64.0,2018-07-19
19,Saudi Arabia,70.6086956521739,2018-07-19
19,Scotland,75.30434782608695,2018-07-19
19,Senegal,77.6086956521739,2018-07-19
19,Serbia,78.6086956521739,2018-07-19
19,Sierra Leone,65.16666666666667,2018-07-19
19,Slovakia,73.95652173913044,2018-07-19
19,Slovenia,75.3913043478261,2018-07-19
19,South Africa,72.3913043478261,2018-07-19
19,South Sudan,60.0,2018-07-19
19,Spain,86.08695652173913,2018-07-19
19,Sudan,64.0,2018-07-19
19,Suriname,67.33333333333333,2018-07-19
19,Sweden,76.43478260869566,2018-07-19
19,Switzerland,77.6086956521739,2018-07-19
19,Syria,68.44444444444444,2018-07-19
19,São Tomé e Príncipe,72.0,2018-07-19
19,Tanzania,67.5,2018-07-19
19,Thailand,62.5,2018-07-19
19,Togo,70.4,2018-07-19
19,Trinidad and Tobago,69.2,2018-07-19
19,Tunisia,71.1304347826087,2018-07-19
19,Turkey,77.73913043478261,2018-07-19
19,Uganda,62.4,2018-07-19
19,Ukraine,76.69565217391305,2018-07-19
19,United States,75.17391304347827,2018-07-19
19,Uruguay,79.91304347826087,2018-07-19
19,Uzbekistan,70.66666666666667,2018-07-19
19,Venezuela,73.47826086956522,2018-07-19
19,Wales,73.69565217391305,2018-07-19
19,Yemen,58.0,2018-07-19
19,Zambia,64.22222222222223,2018-07-19
19,Zimbabwe,69.33333333333333,2018-07-19
20,Afghanistan,62.0,2019-08-20
20,Albania,71.30434782608695,2019-08-20
20,Algeria,76.21739130434783,2019-08-20
20,Angola,69.375,2019-08-20
20,Antigua and Barbuda,59.42857142857143,2019-08-20
20,Argentina,83.30434782608695,2019-08-20
20,Armenia,69.375,2019-08-20
20,Australia,72.56521739130434,2019-08-20
20,Austria,77.26086956521739,2019-08-20
20,Azerbaijan,62.833333333333336,2019-08-20
20,Bahrain,72.0,2019-08-20
20,Barbados,64.0,2019-08-20
20,Belgium,83.04347826086956,2019-08-20
20,Belize,66.0,2019-08-20
20,Benin,67.66666666666667,2019-08-20
20,Bermuda,63.666666666666664,2019-08-20
20,Bolivia,66.04347826086956,2019-08-20
20,Bosnia and Herzegovina,75.43478260869566,2019-08-20
20,Brazil,85.52173913043478,2019-08-20
20,Bulgaria,66.52173913043478,2019-08-20
20,Burkina Faso,66.4375,2019-08-20
20,Burundi,63.75,2019-08-20
20,Cameroon,75.52173913043478,2019-08-20
20,Canada,69.95652173913044,2019-08-20
20,Cape Verde Islands,70.5,2019-08-20
20,Central African Republic,70.5,2019-08-20
20,Chad,73.0,2019-08-20
20,Chile,77.26086956521739,2019-08-20
20,China PR,70.69565217391305,2019-08-20
20,Chinese Taipei,66.0,2019-08-20
20,Colombia,79.04347826086956,2019-08-20
20,Comoros,65.22222222222223,2019-08-20
20,Congo,65.44444444444444,2019-08-20
20,Congo DR,73.1304347826087,2019-08-20
20,Costa Rica,70.17391304347827,2019-08-20
20,Croatia,80.1304347826087,2019-08-20
20,Cuba,67.25,2019-08-20
20,Curacao,66.0,2019-08-20
20,Cyprus,61.72727272727273,2019-08-20
20,Czech Republic,76.30434782608695,2019-08-20
20,Côte d'Ivoire,77.47826086956522,2019-08-20
20,Denmark,78.08695652173913,2019-08-20
20,Dominican Republic,67.5,2019-08-20
20,Ecuador,74.26086956521739,2019-08-20
20,Egypt,71.82608695652173,2019-08-20
20,El Salvador,67.25,2019-08-20
20,England,82.26086956521739,2019-08-20
20,Equatorial Guinea,69.0,2019-08-20
20,Eritrea,71.0,2019-08-20
20,Estonia,66.33333333333333,2019-08-20
20,Ethiopia,64.0,2019-08-20
20,Faroe Islands,61.4,2019-08-20
20,Finland,71.17391304347827,2019-08-20
20,France,85.30434782608695,2019-08-20
20,Gabon,70.6875,2019-08-20
20,Gambia,65.31818181818181,2019-08-20
20,Georgia,69.52173913043478,2019-08-20
20,Germany,84.95652173913044,2019-08-20
20,Ghana,75.26086956521739,2019-08-20
20,Gibraltar,62.0,2019-08-20
20,Greece,76.43478260869566,2019-08-20
20,Grenada,60.5,2019-08-20
20,Guam,66.0,2019-08-20
20,Guatemala,65.5,2019-08-20
20,Guinea,71.04347826086956,2019-08-20
20,Guinea Bissau,67.38095238095238,2019-08-20
20,Guyana,63.5,2019-08-20
20,Haiti,63.125,2019-08-20
20,Honduras,68.57142857142857,2019-08-20
20,Hong Kong,67.0,2019-08-20
20,Hungary,72.8695652173913,2019-08-20
20,Iceland,72.04347826086956,2019-08-20
20,India,60.0,2019-08-20
20,Indonesia,56.0,2019-08-20
20,Iran,69.0,2019-08-20
20,Iraq,68.83333333333333,2019-08-20
20,Israel,71.125,2019-08-20
20,Italy,83.47826086956522,2019-08-20
20,Jamaica,68.6086956521739,2019-08-20
20,Japan,75.26086956521739,2019-08-20
20,Jordan,66.0,2019-08-20
20,Kazakhstan,68.0,2019-08-20
20,Kenya,65.28571428571429,2019-08-20
20,Korea DPR,65.75,2019-08-20
20,Korea Republic,73.30434782608695,2019-08-20
20,Kosovo,70.34782608695652,2019-08-20
20,Latvia,61.666666666666664,2019-08-20
20,Lebanon,64.0,2019-08-20
20,Liberia,69.0,2019-08-20
20,Libya,71.0,2019-08-20
20,Liechtenstein,62.0,2019-08-20
20,Lithuania,63.4,2019-08-20
20,Luxembourg,65.66666666666667,2019-08-20
20,Macau,61.0,2019-08-20
20,Madagascar,70.25,2019-08-20
20,Malawi,62.0,2019-08-20
20,Mali,73.30434782608695,2019-08-20
20,Malta,60.0,2019-08-20
20,Mauritania,64.16666666666667,2019-08-20
20,Mauritius,66.0,2019-08-20
20,Mexico,77.82608695652173,2019-08-20
20,Moldova,65.0,2019-08-20
20,Montenegro,69.30434782608695,2019-08-20
20,Montserrat,66.0,2019-08-20
20,Morocco,77.1304347826087,2019-08-20
20,Mozambique,73.25,2019-08-20
20,Namibia,67.0,2019-08-20
20,Netherlands,81.82608695652173,2019-08-20
20,New Caledonia,67.5,2019-08-20
20,New Zealand,66.73913043478261,2019-08-20
20,Niger,57.0,2019-08-20
20,Nigeria,75.34782608695652,2019-08-20
20,North Macedonia,68.5,2019-08-20
20,Northern Ireland,70.69565217391305,2019-08-20
20,Norway,75.47826086956522,2019-08-20
20,Palestine,62.0,2019-08-20
20,Panama,66.0,2019-08-20
20,Paraguay,75.26086956521739,2019-08-20
20,Peru,72.3913043478261,2019-08-20
20,Philippines,69.0,2019-08-20
20,Poland,77.65217391304348,2019-08-20
20,Portugal,83.17391304347827,2019-08-20
20,Puerto Rico,70.0,2019-08-20
20,Republic of Ireland,74.21739130434783,2019-08-20
20,Romania,74.21739130434783,2019-08-20
20,Russia,77.30434782608695,2019-08-20
20,Rwanda,64.0,2019-08-20
20,Saint Kitts and Nevis,62.75,2019-08-20
20,Saint Lucia,64.0,2019-08-20
20,Saudi Arabia,69.8695652173913,2019-08-20
20,Scotland,75.8695652173913,2019-08-20
20,Senegal,77.56521739130434,2019-08-20
20,Serbia,79.17391304347827,2019-08-20
20,Sierra Leone,63.0,2019-08-20
20,Slovakia,74.82608695652173,2019-08-20
20,Slovenia,75.21739130434783,2019-08-20
20,South Africa,71.78260869565217,2019-08-20
20,South Sudan,59.0,2019-08-20
20,Spain,85.52173913043478,2019-08-20
20,Sudan,60.25,2019-08-20
20,Suriname,66.0,2019-08-20
20,Sweden,76.47826086956522,2019-08-20
20,Switzerland,78.47826086956522,2019-08-20
20,Syria,70.25,2019-08-20
20,São Tomé e Príncipe,70.0,2019-08-20
20,Tanzania,63.25,2019-08-20
20,Thailand,64.0,2019-08-20
20,Togo,69.38461538461539,2019-08-20
20,Trinidad and Tobago,65.83333333333333,2019-08-20
20,Tunisia,71.52173913043478,2019-08-20
20,Turkey,77.17391304347827,2019-08-20
20,Uganda,66.0,2019-08-20
20,Ukraine,76.21739130434783,2019-08-20
20,United Arab Emirates,62.86363636363637,2019-08-20
20,United States,74.95652173913044,2019-08-20
20,Uruguay,81.56521739130434,2019-08-20
20,Uzbekistan,67.66666666666667,2019-08-20
20,Venezuela,73.04347826086956,2019-08-20
20,Vietnam,62.0,2019-08-20
20,Wales,73.65217391304348,2019-08-20
20,Zambia,66.72727272727273,2019-08-20
20,Zimbabwe,67.25,2019-08-20
21,Afghanistan,64.0,2020-08-24
21,Albania,70.52173913043478,2020-08-24
21,Algeria,76.17391304347827,2020-08-24
21,Andorra,62.0,2020-08-24
21,Angola,69.13333333333334,2020-08-24
21,Antigua and Barbuda,61.8,2020-08-24
21,Argentina,83.47826086956522,2020-08-24
21,Armenia,68.66666666666667,2020-08-24
21,Australia,72.21739130434783,2020-08-24
21,Austria,77.04347826086956,2020-08-24
21,Azerbaijan,61.142857142857146,2020-08-24
21,Barbados,60.0,2020-08-24
21,Belarus,62.333333333333336,2020-08-24
21,Belgium,82.34782608695652,2020-08-24
21,Belize,63.0,2020-08-24
21,Benin,67.81818181818181,2020-08-24
21,Bermuda,72.0,2020-08-24
21,Bolivia,68.04347826086956,2020-08-24
21,Bosnia and Herzegovina,73.6086956521739,2020-08-24
21,Brazil,85.0,2020-08-24
21,Bulgaria,66.82608695652173,2020-08-24
21,Burkina Faso,66.89473684210526,2020-08-24
21,Burundi,61.75,2020-08-24
21,Cameroon,75.26086956521739,2020-08-24
21,Canada,70.52173913043478,2020-08-24
21,Cape Verde Islands,69.34782608695652,2020-08-24
21,Central African Republic,72.66666666666667,2020-08-24
21,Chad,73.0,2020-08-24
21,Chile,76.47826086956522,2020-08-24
21,China PR,72.26086956521739,2020-08-24
21,Chinese Taipei,61.25,2020-08-24
21,Colombia,78.78260869565217,2020-08-24
21,Comoros,65.75,2020-08-24
21,Congo,65.44444444444444,2020-08-24
21,Congo DR,72.8695652173913,2020-08-24
21,Costa Rica,69.30434782608695,2020-08-24
21,Croatia,78.8695652173913,2020-08-24
21,Cuba,66.25,2020-08-24
21,Curacao,65.91666666666667,2020-08-24
21,Cyprus,62.666666666666664,2020-08-24
21,Czech Republic,76.56521739130434,2020-08-24
21,Côte d'Ivoire,76.56521739130434,2020-08-24
21,Denmark,77.6086956521739,2020-08-24
21,Dominican Republic,66.75,2020-08-24
21,Ecuador,74.65217391304348,2020-08-24
21,Egypt,72.56521739130434,2020-08-24
21,El Salvador,66.25,2020-08-24
21,England,83.1304347826087,2020-08-24
21,Equatorial Guinea,65.875,2020-08-24
21,Eritrea,68.5,2020-08-24
21,Estonia,64.2,2020-08-24
21,Ethiopia,59.0,2020-08-24
21,Faroe Islands,64.4,2020-08-24
21,Finland,70.56521739130434,2020-08-24
21,France,84.69565217391305,2020-08-24
21,Gabon,69.29411764705883,2020-08-24
21,Gambia,65.69565217391305,2020-08-24
21,Georgia,68.65,2020-08-24
21,Germany,84.65217391304348,2020-08-24
21,Ghana,74.8695652173913,2020-08-24
21,Gibraltar,53.0,2020-08-24
21,Greece,75.30434782608695,2020-08-24
21,Grenada,64.66666666666667,2020-08-24
21,Guam,67.0,2020-08-24
21,Guinea,68.82608695652173,2020-08-24
21,Guinea Bissau,66.53333333333333,2020-08-24
21,Guyana,60.625,2020-08-24
21,Haiti,63.5,2020-08-24
21,Honduras,68.0,2020-08-24
21,Hong Kong,52.5,2020-08-24
21,Hungary,72.0,2020-08-24
21,Iceland,70.95652173913044,2020-08-24
21,India,59.69565217391305,2020-08-24
21,Indonesia,55.0,2020-08-24
21,Iran,70.14285714285714,2020-08-24
21,Iraq,70.75,2020-08-24
21,Israel,69.5,2020-08-24
21,Italy,82.47826086956522,2020-08-24
21,Jamaica,67.22727272727273,2020-08-24
21,Japan,74.3913043478261,2020-08-24
21,Jordan,62.0,2020-08-24
21,Kazakhstan,68.25,2020-08-24
21,Kenya,64.2,2020-08-24
21,Korea DPR,62.5,2020-08-24
21,Korea Republic,73.6086956521739,2020-08-24
21,Kosovo,70.65217391304348,2020-08-24
21,Latvia,61.166666666666664,2020-08-24
21,Lebanon,64.0,2020-08-24
21,Liberia,67.0,2020-08-24
21,Libya,70.66666666666667,2020-08-24
21,Liechtenstein,59.0,2020-08-24
21,Lithuania,62.666666666666664,2020-08-24
21,Luxembourg,67.1,2020-08-24
21,Macau,60.0,2020-08-24
21,Madagascar,69.22222222222223,2020-08-24
21,Malawi,69.0,2020-08-24
21,Malaysia,56.0,2020-08-24
21,Mali,73.43478260869566,2020-08-24
21,Malta,62.0,2020-08-24
21,Mauritania,65.4,2020-08-24
21,Mexico,77.82608695652173,2020-08-24
21,Moldova,64.76923076923077,2020-08-24
21,Montenegro,69.6086956521739,2020-08-24
21,Montserrat,67.5,2020-08-24
21,Morocco,77.21739130434783,2020-08-24
21,Mozambique,72.4,2020-08-24
21,Namibia,68.0,2020-08-24
21,Netherlands,81.6086956521739,2020-08-24
21,New Caledonia,71.0,2020-08-24
21,New Zealand,66.82608695652173,2020-08-24
21,Nicaragua,56.0,2020-08-24
21,Niger,57.0,2020-08-24
21,Nigeria,75.73913043478261,2020-08-24
21,North Macedonia,68.65217391304348,2020-08-24
21,Northern Ireland,69.69565217391305,2020-08-24
21,Norway,75.73913043478261,2020-08-24
21,Palestine,66.0,2020-08-24
21,Panama,67.81818181818181,2020-08-24
21,Papua New Guinea,64.0,2020-08-24
21,Paraguay,74.91304347826087,2020-08-24
21,Peru,71.95652173913044,2020-08-24
21,Philippines,65.33333333333333,2020-08-24
21,Poland,77.43478260869566,2020-08-24
21,Portugal,82.8695652173913,2020-08-24
21,Puerto Rico,71.0,2020-08-24
21,Republic of Ireland,74.34782608695652,2020-08-24
21,Romania,73.8695652173913,2020-08-24
21,Russia,77.17391304347827,2020-08-24
21,Rwanda,66.0,2020-08-24
21,Saint Kitts and Nevis,67.0,2020-08-24
21,Saint Lucia,64.0,2020-08-24
21,Saudi Arabia,69.43478260869566,2020-08-24
21,Scotland,76.1304347826087,2020-08-24
21,Senegal,77.26086956521739,2020-08-24
21,Serbia,78.08695652173913,2020-08-24
21,Sierra Leone,66.125,2020-08-24
21,Slovakia,74.17391304347827,2020-08-24
21,Slovenia,74.65217391304348,2020-08-24
21,South Africa,71.08695652173913,2020-08-24
21,South Sudan,56.0,2020-08-24
21,Spain,84.8695652173913,2020-08-24
21,Sudan,61.0,2020-08-24
21,Sweden,76.0,2020-08-24
21,Switzerland,78.1304347826087,2020-08-24
21,Syria,69.75,2020-08-24
21,São Tomé e Príncipe,69.0,2020-08-24
21,Tanzania,67.5,2020-08-24
21,Thailand,69.75,2020-08-24
21,Togo,67.61538461538461,2020-08-24
21,Trinidad and Tobago,65.0,2020-08-24
21,Tunisia,69.3913043478261,2020-08-24
21,Turkey,76.21739130434783,2020-08-24
21,Uganda,62.6,2020-08-24
21,Ukraine,75.91304347826087,2020-08-24
21,United Arab Emirates,64.95238095238095,2020-08-24
21,United States,74.78260869565217,2020-08-24
21,Uruguay,80.82608695652173,2020-08-24
21,Uzbekistan,64.28571428571429,2020-08-24
21,Venezuela,72.56521739130434,2020-08-24
21,Wales,73.6086956521739,2020-08-24
21,Zambia,68.2,2020-08-24
21,Zimbabwe,69.0,2020-08-24
22,Afghanistan,64.0,2021-08-16
22,Albania,71.65217391304348,2021-08-16
22,Algeria,76.3913043478261,2021-08-16
22,Andorra,64.0,2021-08-16
22,Angola,67.3125,2021-08-16
22,Antigua and Barbuda,64.0,2021-08-16
22,Argentina,83.30434782608695,2021-08-16
22,Armenia,71.33333333333333,2021-08-16
22,Australia,71.82608695652173,2021-08-16
22,Austria,77.65217391304348,2021-08-16
22,Azerbaijan,63.42857142857143,2021-08-16
22,Barbados,62.0,2021-08-16
22,Belarus,63.5,2021-08-16
22,Belgium,82.04347826086956,2021-08-16
22,Belize,63.0,2021-08-16
22,Benin,66.81818181818181,2021-08-16
22,Bermuda,70.0,2021-08-16
22,Bolivia,67.82608695652173,2021-08-16
22,Bosnia and Herzegovina,74.04347826086956,2021-08-16
22,Brazil,84.43478260869566,2021-08-16
22,Bulgaria,63.08695652173913,2021-08-16
22,Burkina Faso,66.29411764705883,2021-08-16
22,Burundi,63.75,2021-08-16
22,Cameroon,74.69565217391305,2021-08-16
22,Canada,71.82608695652173,2021-08-16
22,Cape Verde Islands,68.81818181818181,2021-08-16
22,Central African Republic,72.5,2021-08-16
22,Chad,67.5,2021-08-16
22,Chile,75.78260869565217,2021-08-16
22,China PR,71.47826086956522,2021-08-16
22,Chinese Taipei,66.5,2021-08-16
22,Colombia,78.6086956521739,2021-08-16
22,Comoros,66.44444444444444,2021-08-16
22,Congo,65.625,2021-08-16
22,Congo DR,72.82608695652173,2021-08-16
22,Costa Rica,68.78260869565217,2021-08-16
22,Croatia,79.08695652173913,2021-08-16
22,Cuba,66.4,2021-08-16
22,Curacao,67.22222222222223,2021-08-16
22,Cyprus,61.666666666666664,2021-08-16
22,Czech Republic,77.17391304347827,2021-08-16
22,Côte d'Ivoire,77.30434782608695,2021-08-16
22,Denmark,77.95652173913044,2021-08-16
22,Dominican Republic,65.0,2021-08-16
22,Ecuador,72.56521739130434,2021-08-16
22,Egypt,72.6923076923077,2021-08-16
22,El Salvador,64.75,2021-08-16
22,England,84.17391304347827,2021-08-16
22,Equatorial Guinea,67.33333333333333,2021-08-16
22,Eritrea,67.0,2021-08-16
22,Estonia,59.0,2021-08-16
22,Ethiopia,64.0,2021-08-16
22,Faroe Islands,63.0,2021-08-16
22,Fiji,72.0,2021-08-16
22,Finland,70.21739130434783,2021-08-16
22,France,84.65217391304348,2021-08-16
22,Gabon,71.0,2021-08-16
22,Gambia,67.30434782608695,2021-08-16
22,Georgia,68.1304347826087,2021-08-16
22,Germany,84.78260869565217,2021-08-16
22,Ghana,74.52173913043478,2021-08-16
22,Gibraltar,60.0,2021-08-16
22,Greece,75.47826086956522,2021-08-16
22,Grenada,63.166666666666664,2021-08-16
22,Guam,65.0,2021-08-16
22,Guatemala,62.0,2021-08-16
22,Guinea,69.47826086956522,2021-08-16
22,Guinea Bissau,65.78947368421052,2021-08-16
22,Guyana,58.166666666666664,2021-08-16
22,Haiti,64.77777777777777,2021-08-16
22,Honduras,67.33333333333333,2021-08-16
22,Hong Kong,53.0,2021-08-16
22,Hungary,72.30434782608695,2021-08-16
22,Iceland,70.69565217391305,2021-08-16
22,India,61.391304347826086,2021-08-16
22,Iran,70.2,2021-08-16
22,Iraq,65.75,2021-08-16
22,Israel,68.04761904761905,2021-08-16
22,Italy,83.26086956521739,2021-08-16
22,Jamaica,70.26086956521739,2021-08-16
22,Japan,74.6086956521739,2021-08-16
22,Jordan,62.0,2021-08-16
22,Kazakhstan,67.66666666666667,2021-08-16
22,Kenya,65.77777777777777,2021-08-16
22,Korea DPR,64.0,2021-08-16
22,Korea Republic,73.3913043478261,2021-08-16
22,Kosovo,70.56521739130434,2021-08-16
22,Kyrgyzstan,65.0,2021-08-16
22,Latvia,60.714285714285715,2021-08-16
22,Lebanon,63.0,2021-08-16
22,Liberia,65.0,2021-08-16
22,Libya,73.33333333333333,2021-08-16
22,Lithuania,63.4,2021-08-16
22,Luxembourg,67.15384615384616,2021-08-16
22,Madagascar,68.75,2021-08-16
22,Malawi,62.5,2021-08-16
22,Malaysia,57.0,2021-08-16
22,Mali,73.21739130434783,2021-08-16
22,Malta,63.0,2021-08-16
22,Mauritania,64.5,2021-08-16
22,Mauritius,67.0,2021-08-16
22,Mexico,78.1304347826087,2021-08-16
22,Moldova,67.28571428571429,2021-08-16
22,Montenegro,69.5,2021-08-16
22,Montserrat,63.5,2021-08-16
22,Morocco,78.04347826086956,2021-08-16
22,Mozambique,72.5,2021-08-16
22,Namibia,69.66666666666667,2021-08-16
22,Netherlands,81.73913043478261,2021-08-16
22,New Zealand,67.08695652173913,2021-08-16
22,Niger,55.5,2021-08-16
22,Nigeria,76.1304347826087,2021-08-16
22,North Macedonia,69.17391304347827,2021-08-16
22,Northern Ireland,69.78260869565217,2021-08-16
22,Norway,75.8695652173913,2021-08-16
22,Palestine,60.0,2021-08-16
22,Panama,67.0,2021-08-16
22,Papua New Guinea,65.0,2021-08-16
22,Paraguay,74.8695652173913,2021-08-16
22,Peru,72.8695652173913,2021-08-16
22,Philippines,66.33333333333333,2021-08-16
22,Poland,77.0,2021-08-16
22,Portugal,83.21739130434783,2021-08-16
22,Puerto Rico,61.0,2021-08-16
22,Republic of Ireland,73.26086956521739,2021-08-16
22,Romania,73.73913043478261,2021-08-16
22,Russia,76.78260869565217,2021-08-16
22,Saint Kitts and Nevis,62.2,2021-08-16
22,Saint Lucia,64.0,2021-08-16
22,San Marino,53.0,2021-08-16
22,Saudi Arabia,69.73913043478261,2021-08-16
22,Scotland,76.04347826086956,2021-08-16
22,Senegal,77.1304347826087,2021-08-16
22,Serbia,77.95652173913044,2021-08-16
22,Sierra Leone,65.2,2021-08-16
22,Slovakia,74.52173913043478,2021-08-16
22,Slovenia,74.30434782608695,2021-08-16
22,South Africa,70.3913043478261,2021-08-16
22,South Sudan,52.8,2021-08-16
22,Spain,84.82608695652173,2021-08-16
22,Sudan,62.333333333333336,2021-08-16
22,Suriname,70.33333333333333,2021-08-16
22,Sweden,76.3913043478261,2021-08-16
22,Switzerland,78.0,2021-08-16
22,Syria,76.0,2021-08-16
22,Tanzania,62.5,2021-08-16
22,Thailand,65.25,2021-08-16
22,Togo,68.5,2021-08-16
22,Trinidad and Tobago,63.75,2021-08-16
22,Tunisia,68.52173913043478,2021-08-16
22,Turkey,76.82608695652173,2021-08-16
22,Uganda,64.0,2021-08-16
22,Ukraine,76.0,2021-08-16
22,United Arab Emirates,63.75,2021-08-16
22,United States,74.95652173913044,2021-08-16
22,Uruguay,79.78260869565217,2021-08-16
22,Uzbekistan,68.16666666666667,2021-08-16
22,Venezuela,73.47826086956522,2021-08-16
22,Vietnam,65.0,2021-08-16
22,Wales,73.47826086956522,2021-08-16
22,Zambia,67.9,2021-08-16
22,Zimbabwe,67.38461538461539,2021-08-16
23,Afghanistan,63.0,2022-09-01
23,Albania,72.30434782608695,2022-09-01
23,Algeria,75.56521739130434,2022-09-01
23,Andorra,61.0,2022-09-01
23,Angola,69.27777777777777,2022-09-01
23,Antigua and Barbuda,64.0,2022-09-01
23,Argentina,82.6086956521739,2022-09-01
23,Armenia,70.625,2022-09-01
23,Australia,71.69565217391305,2022-09-01
23,Austria,77.3913043478261,2022-09-01
23,Azerbaijan,64.66666666666667,2022-09-01
23,Belarus,63.0,2022-09-01
23,Belgium,81.43478260869566,2022-09-01
23,Benin,66.0,2022-09-01
23,Bermuda,68.0,2022-09-01
23,Bolivia,67.91304347826087,2022-09-01
23,Bosnia and Herzegovina,74.3913043478261,2022-09-01
23,Brazil,84.43478260869566,2022-09-01
23,Bulgaria,65.22727272727273,2022-09-01
23,Burkina Faso,65.70588235294117,2022-09-01
23,Burundi,64.5,2022-09-01
23,Cameroon,75.0,2022-09-01
23,Canada,72.3913043478261,2022-09-01
23,Cape Verde Islands,68.73913043478261,2022-09-01
23,Central African Republic,70.33333333333333,2022-09-01
23,Chad,64.0,2022-09-01
23,Chile,74.73913043478261,2022-09-01
23,China PR,69.65217391304348,2022-09-01
23,Chinese Taipei,66.5,2022-09-01
23,Colombia,78.26086956521739,2022-09-01
23,Comoros,64.63636363636364,2022-09-01
23,Congo,65.94736842105263,2022-09-01
23,Congo DR,72.43478260869566,2022-09-01
23,Costa Rica,67.66666666666667,2022-09-01
23,Croatia,79.78260869565217,2022-09-01
23,Cuba,67.0,2022-09-01
23,Curacao,67.0,2022-09-01
23,Cyprus,63.65,2022-09-01
23,Czech Republic,77.0,2022-09-01
23,Côte d'Ivoire,77.08695652173913,2022-09-01
23,Denmark,77.91304347826087,2022-09-01
23,Dominican Republic,65.0,2022-09-01
23,Ecuador,72.21739130434783,2022-09-01
23,Egypt,72.9090909090909,2022-09-01
23,El Salvador,63.166666666666664,2022-09-01
23,England,83.82608695652173,2022-09-01
23,Equatorial Guinea,65.77777777777777,2022-09-01
23,Estonia,62.875,2022-09-01
23,Ethiopia,61.0,2022-09-01
23,Faroe Islands,61.75,2022-09-01
23,Fiji,70.0,2022-09-01
23,Finland,70.26086956521739,2022-09-01
23,France,84.91304347826087,2022-09-01
23,Gabon,69.2,2022-09-01
23,Gambia,68.26086956521739,2022-09-01
23,Georgia,69.47826086956522,2022-09-01
23,Germany,84.82608695652173,2022-09-01
23,Ghana,74.91304347826087,2022-09-01
23,Gibraltar,59.0,2022-09-01
23,Greece,74.21739130434783,2022-09-01
23,Grenada,67.0,2022-09-01
23,Guam,63.0,2022-09-01
23,Guatemala,63.0,2022-09-01
23,Guinea,69.21739130434783,2022-09-01
23,Guinea Bissau,67.33333333333333,2022-09-01
23,Guyana,59.4,2022-09-01
23,Haiti,63.3,2022-09-01
23,Honduras,69.4,2022-09-01
23,Hong Kong,62.666666666666664,2022-09-01
23,Hungary,72.04347826086956,2022-09-01
23,Iceland,69.04347826086956,2022-09-01
23,India,60.608695652173914,2022-09-01
23,Indonesia,58.0,2022-09-01
23,Iran,70.22222222222223,2022-09-01
23,Iraq,63.0,2022-09-01
23,Israel,67.15789473684211,2022-09-01
23,Italy,83.34782608695652,2022-09-01
23,Jamaica,70.73913043478261,2022-09-01
23,Japan,74.95652173913044,2022-09-01
23,Jordan,69.0,2022-09-01
23,Kazakhstan,68.0,2022-09-01
23,Kenya,62.25,2022-09-01
23,Korea DPR,70.0,2022-09-01
23,Korea Republic,73.8695652173913,2022-09-01
23,Kosovo,71.17391304347827,2022-09-01
23,Latvia,62.2,2022-09-01
23,Lebanon,63.0,2022-09-01
23,Liberia,63.0,2022-09-01
23,Libya,74.5,2022-09-01
23,Liechtenstein,70.0,2022-09-01
23,Lithuania,63.4,2022-09-01
23,Luxembourg,67.3076923076923,2022-09-01
23,Madagascar,67.71428571428571,2022-09-01
23,Malaysia,63.0,2022-09-01
23,Mali,73.95652173913044,2022-09-01
23,Malta,64.5,2022-09-01
23,Mauritania,63.25,2022-09-01
23,Mauritius,65.0,2022-09-01
23,Mexico,77.69565217391305,2022-09-01
23,Moldova,64.2,2022-09-01
23,Montenegro,68.26086956521739,2022-09-01
23,Montserrat,64.0,2022-09-01
23,Morocco,77.21739130434783,2022-09-01
23,Mozambique,70.66666666666667,2022-09-01
23,Namibia,70.5,2022-09-01
23,Netherlands,81.65217391304348,2022-09-01
23,New Zealand,67.21739130434783,2022-09-01
23,Niger,68.0,2022-09-01
23,Nigeria,76.34782608695652,2022-09-01
23,North Macedonia,68.43478260869566,2022-09-01
23,Northern Ireland,69.34782608695652,2022-09-01
23,Norway,75.82608695652173,2022-09-01
23,Palestine,66.0,2022-09-01
23,Panama,67.61538461538461,2022-09-01
23,Papua New Guinea,64.0,2022-09-01
23,Paraguay,74.0,2022-09-01
23,Peru,73.26086956521739,2022-09-01
23,Philippines,67.2,2022-09-01
23,Poland,77.26086956521739,2022-09-01
23,Portugal,83.43478260869566,2022-09-01
23,Puerto Rico,60.0,2022-09-01
23,Qatar,67.82608695652173,2022-09-01
23,Republic of Ireland,72.43478260869566,2022-09-01
23,Romania,72.82608695652173,2022-09-01
23,Russia,69.47368421052632,2022-09-01
23,Saint Kitts and Nevis,62.25,2022-09-01
23,Saint Lucia,66.0,2022-09-01
23,Saudi Arabia,69.78260869565217,2022-09-01
23,Scotland,75.95652173913044,2022-09-01
23,Senegal,76.73913043478261,2022-09-01
23,Serbia,78.30434782608695,2022-09-01
23,Sierra Leone,66.0,2022-09-01
23,Singapore,55.0,2022-09-01
23,Slovakia,74.52173913043478,2022-09-01
23,Slovenia,73.82608695652173,2022-09-01
23,South Africa,70.52173913043478,2022-09-01
23,South Sudan,53.0,2022-09-01
23,Spain,84.43478260869566,2022-09-01
23,Sudan,60.5,2022-09-01
23,Suriname,69.15384615384616,2022-09-01
23,Sweden,76.0,2022-09-01
23,Switzerland,77.82608695652173,2022-09-01
23,Syria,65.66666666666667,2022-09-01
23,São Tomé e Príncipe,67.0,2022-09-01
23,Tanzania,60.0,2022-09-01
23,Thailand,61.0,2022-09-01
23,Togo,67.86666666666666,2022-09-01
23,Trinidad and Tobago,65.6,2022-09-01
23,Tunisia,70.04347826086956,2022-09-01
23,Turkey,76.73913043478261,2022-09-01
23,Uganda,63.0,2022-09-01
23,Ukraine,75.78260869565217,2022-09-01
23,United Arab Emirates,63.10526315789474,2022-09-01
23,United States,75.30434782608695,2022-09-01
23,Uruguay,79.21739130434783,2022-09-01
23,Uzbekistan,72.33333333333333,2022-09-01
23,Venezuela,71.0,2022-09-01
23,Vietnam,66.0,2022-09-01
23,Wales,73.65217391304348,2022-09-01
23,Zambia,68.7,2022-09-01
23,Zimbabwe,69.0,2022-09-01
